{
  "docs": 443,
  "embShape": [
    443,
    256
  ],
  "embBytesMB": 0.865234375,
  "encodeMs": 78.40769999893382,
  "encodePerChunkMs": 0.176992550787661,
  "nnBuildMs": 0.8166000006895047,
  "queryAvgMs": 1.5655799998057773,
  "queryMaxMs": 3.7219000005279668,
  "bm25TotalMs": 194.05189999815775,
  "avgOverlap": 0.3,
  "queries": 10
}