{
  "nodes": 2664,
  "edges": 18418,
  "start": "005930",
  "industry": "semiconductor",
  "pythonBaseline": {
    "1hop_ms": 10.917399999016197,
    "2hop_ms": 9.845699998550117,
    "3hop_ms": 9.475899998506065,
    "degree_ms": 1.8649000012374017
  },
  "duckdbRCTE": {
    "1hop_ms": 18.3151999990514,
    "2hop_ms": 30.813299999863375,
    "3hop_ms": 44.35149999699206
  },
  "duckpgq": {
    "available": false
  },
  "duckdbDegree": {
    "degree_ms": 3.913299999112496
  }
}